,status,executionTime,nbResult,query,workload,approach,run
0,ok,0.927,1.0,q01a,rdfs,FedUp-FedX,1
0,ok,0.95,1.0,q01a,rdfs,FedUp-FedX,2
0,ok,1.022,1.0,q01a,rdfs,FedUp-FedX,3
0,ok,1.781,9.0,q01b,rdfs,FedUp-FedX,1
0,ok,1.227,9.0,q01b,rdfs,FedUp-FedX,2
0,ok,1.721,9.0,q01b,rdfs,FedUp-FedX,3
0,ok,1.993,1.0,q01c,rdfs,FedUp-FedX,1
0,ok,1.621,1.0,q01c,rdfs,FedUp-FedX,2
0,ok,1.795,1.0,q01c,rdfs,FedUp-FedX,3
0,ok,1.091,8.0,q01d,rdfs,FedUp-FedX,1
0,ok,1.034,8.0,q01d,rdfs,FedUp-FedX,2
0,ok,1.018,8.0,q01d,rdfs,FedUp-FedX,3
0,ok,1.543,5.0,q01e,rdfs,FedUp-FedX,1
0,ok,0.919,5.0,q01e,rdfs,FedUp-FedX,2
0,ok,1.657,5.0,q01e,rdfs,FedUp-FedX,3
0,ok,1.1,3.0,q01f,rdfs,FedUp-FedX,1
0,ok,0.881,3.0,q01f,rdfs,FedUp-FedX,2
0,ok,0.824,3.0,q01f,rdfs,FedUp-FedX,3
0,ok,0.934,6.0,q01g,rdfs,FedUp-FedX,1
0,ok,0.83,6.0,q01g,rdfs,FedUp-FedX,2
0,ok,0.812,6.0,q01g,rdfs,FedUp-FedX,3
0,ok,1.384,5.0,q01h,rdfs,FedUp-FedX,1
0,ok,1.074,5.0,q01h,rdfs,FedUp-FedX,2
0,ok,1.084,5.0,q01h,rdfs,FedUp-FedX,3
0,ok,1.785,1.0,q01i,rdfs,FedUp-FedX,1
0,ok,1.554,1.0,q01i,rdfs,FedUp-FedX,2
0,ok,1.315,1.0,q01i,rdfs,FedUp-FedX,3
0,ok,1.289,7.0,q01j,rdfs,FedUp-FedX,1
0,ok,1.336,7.0,q01j,rdfs,FedUp-FedX,2
0,ok,0.944,7.0,q01j,rdfs,FedUp-FedX,3
0,ok,9.604,54.0,q02a,rdfs,FedUp-FedX,1
0,ok,6.012,54.0,q02a,rdfs,FedUp-FedX,2
0,ok,5.808,54.0,q02a,rdfs,FedUp-FedX,3
0,ok,4.577,54.0,q02b,rdfs,FedUp-FedX,1
0,ok,3.629,54.0,q02b,rdfs,FedUp-FedX,2
0,ok,4.042,54.0,q02b,rdfs,FedUp-FedX,3
0,ok,8.601,72.0,q02c,rdfs,FedUp-FedX,1
0,ok,12.414,72.0,q02c,rdfs,FedUp-FedX,2
0,ok,10.06,72.0,q02c,rdfs,FedUp-FedX,3
0,ok,1.645,9.0,q02d,rdfs,FedUp-FedX,1
0,ok,1.774,9.0,q02d,rdfs,FedUp-FedX,2
0,ok,0.707,9.0,q02d,rdfs,FedUp-FedX,3
0,ok,13.923,99.0,q02e,rdfs,FedUp-FedX,1
0,ok,13.769,99.0,q02e,rdfs,FedUp-FedX,2
0,ok,12.614,99.0,q02e,rdfs,FedUp-FedX,3
0,ok,4.917,27.0,q02f,rdfs,FedUp-FedX,1
0,ok,0.84,27.0,q02f,rdfs,FedUp-FedX,2
0,ok,0.993,27.0,q02f,rdfs,FedUp-FedX,3
0,ok,4.786,36.0,q02g,rdfs,FedUp-FedX,1
0,ok,2.831,36.0,q02g,rdfs,FedUp-FedX,2
0,ok,4.931,36.0,q02g,rdfs,FedUp-FedX,3
0,ok,6.75,45.0,q02h,rdfs,FedUp-FedX,1
0,ok,6.024,45.0,q02h,rdfs,FedUp-FedX,2
0,ok,7.968,45.0,q02h,rdfs,FedUp-FedX,3
0,ok,10.324,90.0,q02i,rdfs,FedUp-FedX,1
0,ok,8.872,90.0,q02i,rdfs,FedUp-FedX,2
0,ok,7.32,90.0,q02i,rdfs,FedUp-FedX,3
0,ok,0.743,18.0,q02j,rdfs,FedUp-FedX,1
0,ok,3.178,18.0,q02j,rdfs,FedUp-FedX,2
0,ok,3.588,18.0,q02j,rdfs,FedUp-FedX,3
0,ok,8.297,4.0,q03a,rdfs,FedUp-FedX,1
0,ok,6.066,4.0,q03a,rdfs,FedUp-FedX,2
0,ok,6.114,4.0,q03a,rdfs,FedUp-FedX,3
0,ok,5.039,10.0,q03b,rdfs,FedUp-FedX,1
0,ok,4.523,10.0,q03b,rdfs,FedUp-FedX,2
0,ok,4.349,10.0,q03b,rdfs,FedUp-FedX,3
0,ok,4.638,6.0,q03c,rdfs,FedUp-FedX,1
0,ok,3.819,6.0,q03c,rdfs,FedUp-FedX,2
0,ok,4.083,6.0,q03c,rdfs,FedUp-FedX,3
0,ok,6.602,8.0,q03d,rdfs,FedUp-FedX,1
0,ok,5.512,8.0,q03d,rdfs,FedUp-FedX,2
0,ok,5.757,8.0,q03d,rdfs,FedUp-FedX,3
0,ok,6.75,6.0,q03e,rdfs,FedUp-FedX,1
0,ok,3.834,6.0,q03e,rdfs,FedUp-FedX,2
0,ok,3.954,6.0,q03e,rdfs,FedUp-FedX,3
0,ok,4.644,5.0,q03f,rdfs,FedUp-FedX,1
0,ok,3.94,5.0,q03f,rdfs,FedUp-FedX,2
0,ok,3.74,5.0,q03f,rdfs,FedUp-FedX,3
0,ok,5.413,4.0,q03g,rdfs,FedUp-FedX,1
0,ok,4.209,4.0,q03g,rdfs,FedUp-FedX,2
0,ok,4.389,4.0,q03g,rdfs,FedUp-FedX,3
0,ok,5.048,10.0,q03h,rdfs,FedUp-FedX,1
0,ok,4.119,10.0,q03h,rdfs,FedUp-FedX,2
0,ok,4.18,10.0,q03h,rdfs,FedUp-FedX,3
0,ok,5.549,6.0,q03i,rdfs,FedUp-FedX,1
0,ok,4.514,6.0,q03i,rdfs,FedUp-FedX,2
0,ok,4.758,6.0,q03i,rdfs,FedUp-FedX,3
0,ok,3.469,10.0,q03j,rdfs,FedUp-FedX,1
0,ok,3.031,10.0,q03j,rdfs,FedUp-FedX,2
0,ok,2.869,10.0,q03j,rdfs,FedUp-FedX,3
0,ok,2.167,7.0,q04a,rdfs,FedUp-FedX,1
0,ok,3.457,7.0,q04a,rdfs,FedUp-FedX,2
0,ok,1.832,7.0,q04a,rdfs,FedUp-FedX,3
0,ok,2.852,6.0,q04b,rdfs,FedUp-FedX,1
0,ok,2.573,6.0,q04b,rdfs,FedUp-FedX,2
0,ok,2.739,6.0,q04b,rdfs,FedUp-FedX,3
0,ok,0.67,10.0,q04c,rdfs,FedUp-FedX,1
0,ok,0.621,10.0,q04c,rdfs,FedUp-FedX,2
0,ok,0.841,10.0,q04c,rdfs,FedUp-FedX,3
0,ok,2.676,1.0,q04d,rdfs,FedUp-FedX,1
0,ok,2.849,1.0,q04d,rdfs,FedUp-FedX,2
0,ok,3.16,1.0,q04d,rdfs,FedUp-FedX,3
0,ok,3.312,6.0,q04e,rdfs,FedUp-FedX,1
0,ok,3.301,6.0,q04e,rdfs,FedUp-FedX,2
0,ok,3.688,6.0,q04e,rdfs,FedUp-FedX,3
0,ok,3.369,10.0,q04f,rdfs,FedUp-FedX,1
0,ok,3.25,10.0,q04f,rdfs,FedUp-FedX,2
0,ok,2.919,10.0,q04f,rdfs,FedUp-FedX,3
0,ok,1.465,8.0,q04g,rdfs,FedUp-FedX,1
0,ok,1.326,8.0,q04g,rdfs,FedUp-FedX,2
0,ok,0.816,8.0,q04g,rdfs,FedUp-FedX,3
0,ok,2.858,9.0,q04h,rdfs,FedUp-FedX,1
0,ok,2.455,9.0,q04h,rdfs,FedUp-FedX,2
0,ok,1.921,9.0,q04h,rdfs,FedUp-FedX,3
0,ok,2.072,8.0,q04i,rdfs,FedUp-FedX,1
0,ok,1.131,8.0,q04i,rdfs,FedUp-FedX,2
0,ok,2.107,8.0,q04i,rdfs,FedUp-FedX,3
0,ok,3.519,4.0,q04j,rdfs,FedUp-FedX,1
0,ok,1.435,4.0,q04j,rdfs,FedUp-FedX,2
0,ok,1.495,4.0,q04j,rdfs,FedUp-FedX,3
0,ok,21.706,39.0,q06a,rdfs,FedUp-FedX,1
0,ok,21.165,39.0,q06a,rdfs,FedUp-FedX,2
0,ok,18.396,39.0,q06a,rdfs,FedUp-FedX,3
0,ok,22.414,15.0,q06b,rdfs,FedUp-FedX,1
0,ok,18.933,15.0,q06b,rdfs,FedUp-FedX,2
0,ok,19.673,15.0,q06b,rdfs,FedUp-FedX,3
0,ok,19.467,13.0,q06c,rdfs,FedUp-FedX,1
0,ok,20.074,13.0,q06c,rdfs,FedUp-FedX,2
0,ok,23.263,13.0,q06c,rdfs,FedUp-FedX,3
0,ok,21.863,39.0,q06d,rdfs,FedUp-FedX,1
0,ok,18.07,39.0,q06d,rdfs,FedUp-FedX,2
0,ok,19.684,39.0,q06d,rdfs,FedUp-FedX,3
0,ok,20.103,41.0,q06e,rdfs,FedUp-FedX,1
0,ok,19.532,41.0,q06e,rdfs,FedUp-FedX,2
0,ok,21.519,41.0,q06e,rdfs,FedUp-FedX,3
0,ok,20.334,7.0,q06f,rdfs,FedUp-FedX,1
0,ok,22.348,7.0,q06f,rdfs,FedUp-FedX,2
0,ok,18.581,7.0,q06f,rdfs,FedUp-FedX,3
0,ok,22.32,41.0,q06g,rdfs,FedUp-FedX,1
0,ok,18.478,41.0,q06g,rdfs,FedUp-FedX,2
0,ok,18.15,41.0,q06g,rdfs,FedUp-FedX,3
0,ok,19.265,15.0,q06h,rdfs,FedUp-FedX,1
0,ok,22.639,15.0,q06h,rdfs,FedUp-FedX,2
0,ok,17.923,15.0,q06h,rdfs,FedUp-FedX,3
0,ok,19.824,15.0,q06i,rdfs,FedUp-FedX,1
0,ok,17.931,15.0,q06i,rdfs,FedUp-FedX,2
0,ok,18.856,15.0,q06i,rdfs,FedUp-FedX,3
0,ok,22.551,9.0,q06j,rdfs,FedUp-FedX,1
0,ok,21.834,9.0,q06j,rdfs,FedUp-FedX,2
0,ok,22.197,9.0,q06j,rdfs,FedUp-FedX,3
0,ok,2.462,72.0,q07a,rdfs,FedUp-FedX,1
0,ok,2.395,72.0,q07a,rdfs,FedUp-FedX,2
0,ok,2.234,72.0,q07a,rdfs,FedUp-FedX,3
0,ok,0.865,25.0,q07b,rdfs,FedUp-FedX,1
0,ok,0.961,25.0,q07b,rdfs,FedUp-FedX,2
0,ok,0.938,25.0,q07b,rdfs,FedUp-FedX,3
0,ok,1.681,54.0,q07c,rdfs,FedUp-FedX,1
0,ok,1.5,54.0,q07c,rdfs,FedUp-FedX,2
0,ok,1.634,54.0,q07c,rdfs,FedUp-FedX,3
0,ok,2.047,66.0,q07d,rdfs,FedUp-FedX,1
0,ok,1.878,66.0,q07d,rdfs,FedUp-FedX,2
0,ok,1.854,66.0,q07d,rdfs,FedUp-FedX,3
0,ok,0.641,9.0,q07e,rdfs,FedUp-FedX,1
0,ok,0.507,9.0,q07e,rdfs,FedUp-FedX,2
0,ok,0.437,9.0,q07e,rdfs,FedUp-FedX,3
0,ok,1.45,42.0,q07f,rdfs,FedUp-FedX,1
0,ok,1.552,42.0,q07f,rdfs,FedUp-FedX,2
0,ok,1.307,42.0,q07f,rdfs,FedUp-FedX,3
0,ok,1.833,63.0,q07g,rdfs,FedUp-FedX,1
0,ok,2.105,63.0,q07g,rdfs,FedUp-FedX,2
0,ok,2.011,63.0,q07g,rdfs,FedUp-FedX,3
0,ok,1.378,36.0,q07h,rdfs,FedUp-FedX,1
0,ok,1.097,36.0,q07h,rdfs,FedUp-FedX,2
0,ok,1.094,36.0,q07h,rdfs,FedUp-FedX,3
0,ok,1.715,56.0,q07i,rdfs,FedUp-FedX,1
0,ok,1.611,56.0,q07i,rdfs,FedUp-FedX,2
0,ok,1.756,56.0,q07i,rdfs,FedUp-FedX,3
0,ok,3.365,110.0,q07j,rdfs,FedUp-FedX,1
0,ok,3.213,110.0,q07j,rdfs,FedUp-FedX,2
0,ok,3.451,110.0,q07j,rdfs,FedUp-FedX,3
0,ok,1.257,1.0,q08a,rdfs,FedUp-FedX,1
0,ok,0.737,1.0,q08a,rdfs,FedUp-FedX,2
0,ok,0.799,1.0,q08a,rdfs,FedUp-FedX,3
0,ok,0.348,1.0,q08b,rdfs,FedUp-FedX,1
0,ok,0.668,1.0,q08b,rdfs,FedUp-FedX,2
0,ok,0.344,1.0,q08b,rdfs,FedUp-FedX,3
0,ok,0.959,1.0,q08c,rdfs,FedUp-FedX,1
0,ok,0.689,1.0,q08c,rdfs,FedUp-FedX,2
0,ok,0.76,1.0,q08c,rdfs,FedUp-FedX,3
0,ok,0.575,2.0,q08d,rdfs,FedUp-FedX,1
0,ok,0.642,2.0,q08d,rdfs,FedUp-FedX,2
0,ok,0.613,2.0,q08d,rdfs,FedUp-FedX,3
0,ok,0.388,1.0,q08e,rdfs,FedUp-FedX,1
0,ok,0.327,1.0,q08e,rdfs,FedUp-FedX,2
0,ok,0.577,1.0,q08e,rdfs,FedUp-FedX,3
0,ok,1.076,4.0,q08f,rdfs,FedUp-FedX,1
0,ok,1.462,4.0,q08f,rdfs,FedUp-FedX,2
0,ok,1.371,4.0,q08f,rdfs,FedUp-FedX,3
0,ok,0.9,4.0,q08g,rdfs,FedUp-FedX,1
0,ok,0.89,4.0,q08g,rdfs,FedUp-FedX,2
0,ok,1.105,4.0,q08g,rdfs,FedUp-FedX,3
0,ok,0.553,3.0,q08h,rdfs,FedUp-FedX,1
0,ok,0.622,3.0,q08h,rdfs,FedUp-FedX,2
0,ok,0.918,3.0,q08h,rdfs,FedUp-FedX,3
0,ok,0.594,2.0,q08i,rdfs,FedUp-FedX,1
0,ok,0.635,2.0,q08i,rdfs,FedUp-FedX,2
0,ok,0.692,2.0,q08i,rdfs,FedUp-FedX,3
0,ok,0.613,1.0,q08j,rdfs,FedUp-FedX,1
0,ok,0.487,1.0,q08j,rdfs,FedUp-FedX,2
0,ok,0.688,1.0,q08j,rdfs,FedUp-FedX,3
0,ok,0.407,1.0,q09a,rdfs,FedUp-FedX,1
0,ok,0.304,1.0,q09a,rdfs,FedUp-FedX,2
0,ok,0.43,1.0,q09a,rdfs,FedUp-FedX,3
0,ok,0.316,1.0,q09b,rdfs,FedUp-FedX,1
0,ok,0.463,1.0,q09b,rdfs,FedUp-FedX,2
0,ok,0.534,1.0,q09b,rdfs,FedUp-FedX,3
0,ok,0.32,1.0,q09c,rdfs,FedUp-FedX,1
0,ok,0.46,1.0,q09c,rdfs,FedUp-FedX,2
0,ok,0.353,1.0,q09c,rdfs,FedUp-FedX,3
0,ok,0.305,1.0,q09d,rdfs,FedUp-FedX,1
0,ok,0.507,1.0,q09d,rdfs,FedUp-FedX,2
0,ok,0.308,1.0,q09d,rdfs,FedUp-FedX,3
0,ok,0.651,1.0,q09e,rdfs,FedUp-FedX,1
0,ok,0.404,1.0,q09e,rdfs,FedUp-FedX,2
0,ok,0.504,1.0,q09e,rdfs,FedUp-FedX,3
0,ok,0.597,1.0,q09f,rdfs,FedUp-FedX,1
0,ok,0.43,1.0,q09f,rdfs,FedUp-FedX,2
0,ok,0.494,1.0,q09f,rdfs,FedUp-FedX,3
0,ok,0.363,1.0,q09g,rdfs,FedUp-FedX,1
0,ok,0.479,1.0,q09g,rdfs,FedUp-FedX,2
0,ok,0.523,1.0,q09g,rdfs,FedUp-FedX,3
0,ok,0.324,1.0,q09h,rdfs,FedUp-FedX,1
0,ok,0.32,1.0,q09h,rdfs,FedUp-FedX,2
0,ok,0.341,1.0,q09h,rdfs,FedUp-FedX,3
0,ok,0.331,1.0,q09i,rdfs,FedUp-FedX,1
0,ok,0.282,1.0,q09i,rdfs,FedUp-FedX,2
0,ok,0.291,1.0,q09i,rdfs,FedUp-FedX,3
0,ok,0.345,1.0,q09j,rdfs,FedUp-FedX,1
0,ok,0.312,1.0,q09j,rdfs,FedUp-FedX,2
0,ok,0.503,1.0,q09j,rdfs,FedUp-FedX,3
0,ok,0.315,1.0,q10a,rdfs,FedUp-FedX,1
0,ok,0.307,1.0,q10a,rdfs,FedUp-FedX,2
0,ok,0.3,1.0,q10a,rdfs,FedUp-FedX,3
0,ok,0.363,1.0,q10b,rdfs,FedUp-FedX,1
0,ok,0.337,1.0,q10b,rdfs,FedUp-FedX,2
0,ok,0.54,1.0,q10b,rdfs,FedUp-FedX,3
0,ok,0.376,1.0,q10c,rdfs,FedUp-FedX,1
0,ok,0.313,1.0,q10c,rdfs,FedUp-FedX,2
0,ok,0.282,1.0,q10c,rdfs,FedUp-FedX,3
0,ok,0.346,1.0,q10d,rdfs,FedUp-FedX,1
0,ok,0.328,1.0,q10d,rdfs,FedUp-FedX,2
0,ok,0.464,1.0,q10d,rdfs,FedUp-FedX,3
0,ok,0.779,2.0,q10e,rdfs,FedUp-FedX,1
0,ok,0.567,2.0,q10e,rdfs,FedUp-FedX,2
0,ok,0.454,2.0,q10e,rdfs,FedUp-FedX,3
0,ok,0.445,1.0,q10f,rdfs,FedUp-FedX,1
0,ok,0.573,1.0,q10f,rdfs,FedUp-FedX,2
0,ok,0.569,1.0,q10f,rdfs,FedUp-FedX,3
0,ok,0.456,1.0,q10g,rdfs,FedUp-FedX,1
0,ok,0.905,1.0,q10g,rdfs,FedUp-FedX,2
0,ok,0.605,1.0,q10g,rdfs,FedUp-FedX,3
0,ok,0.324,1.0,q10h,rdfs,FedUp-FedX,1
0,ok,0.543,1.0,q10h,rdfs,FedUp-FedX,2
0,ok,0.52,1.0,q10h,rdfs,FedUp-FedX,3
0,ok,0.462,1.0,q10i,rdfs,FedUp-FedX,1
0,ok,0.422,1.0,q10i,rdfs,FedUp-FedX,2
0,ok,0.429,1.0,q10i,rdfs,FedUp-FedX,3
0,ok,0.339,1.0,q10j,rdfs,FedUp-FedX,1
0,ok,1.031,1.0,q10j,rdfs,FedUp-FedX,2
0,ok,0.589,1.0,q10j,rdfs,FedUp-FedX,3
0,ok,0.339,9.0,q11a,rdfs,FedUp-FedX,1
0,ok,0.309,9.0,q11a,rdfs,FedUp-FedX,2
0,ok,0.494,9.0,q11a,rdfs,FedUp-FedX,3
0,ok,0.343,9.0,q11b,rdfs,FedUp-FedX,1
0,ok,0.484,9.0,q11b,rdfs,FedUp-FedX,2
0,ok,0.485,9.0,q11b,rdfs,FedUp-FedX,3
0,ok,0.312,9.0,q11c,rdfs,FedUp-FedX,1
0,ok,0.333,9.0,q11c,rdfs,FedUp-FedX,2
0,ok,0.519,9.0,q11c,rdfs,FedUp-FedX,3
0,ok,0.418,9.0,q11d,rdfs,FedUp-FedX,1
0,ok,0.461,9.0,q11d,rdfs,FedUp-FedX,2
0,ok,0.467,9.0,q11d,rdfs,FedUp-FedX,3
0,ok,0.425,9.0,q11e,rdfs,FedUp-FedX,1
0,ok,0.51,9.0,q11e,rdfs,FedUp-FedX,2
0,ok,0.392,9.0,q11e,rdfs,FedUp-FedX,3
0,ok,0.354,9.0,q11f,rdfs,FedUp-FedX,1
0,ok,0.612,9.0,q11f,rdfs,FedUp-FedX,2
0,ok,0.306,9.0,q11f,rdfs,FedUp-FedX,3
0,ok,0.376,9.0,q11g,rdfs,FedUp-FedX,1
0,ok,0.605,9.0,q11g,rdfs,FedUp-FedX,2
0,ok,0.582,9.0,q11g,rdfs,FedUp-FedX,3
0,ok,0.411,9.0,q11h,rdfs,FedUp-FedX,1
0,ok,0.366,9.0,q11h,rdfs,FedUp-FedX,2
0,ok,0.888,9.0,q11h,rdfs,FedUp-FedX,3
0,ok,0.371,9.0,q11i,rdfs,FedUp-FedX,1
0,ok,0.341,9.0,q11i,rdfs,FedUp-FedX,2
0,ok,0.588,9.0,q11i,rdfs,FedUp-FedX,3
0,ok,0.717,9.0,q11j,rdfs,FedUp-FedX,1
0,ok,0.575,9.0,q11j,rdfs,FedUp-FedX,2
0,ok,0.34,9.0,q11j,rdfs,FedUp-FedX,3
0,ok,0.331,1.0,q12a,rdfs,FedUp-FedX,1
0,ok,0.683,1.0,q12a,rdfs,FedUp-FedX,2
0,ok,0.523,1.0,q12a,rdfs,FedUp-FedX,3
0,ok,0.324,1.0,q12b,rdfs,FedUp-FedX,1
0,ok,0.272,1.0,q12b,rdfs,FedUp-FedX,2
0,ok,0.268,1.0,q12b,rdfs,FedUp-FedX,3
0,ok,0.336,1.0,q12c,rdfs,FedUp-FedX,1
0,ok,0.302,1.0,q12c,rdfs,FedUp-FedX,2
0,ok,0.338,1.0,q12c,rdfs,FedUp-FedX,3
0,ok,0.248,1.0,q12d,rdfs,FedUp-FedX,1
0,ok,0.296,1.0,q12d,rdfs,FedUp-FedX,2
0,ok,0.439,1.0,q12d,rdfs,FedUp-FedX,3
0,ok,0.272,1.0,q12e,rdfs,FedUp-FedX,1
0,ok,0.261,1.0,q12e,rdfs,FedUp-FedX,2
0,ok,0.471,1.0,q12e,rdfs,FedUp-FedX,3
0,ok,0.282,1.0,q12f,rdfs,FedUp-FedX,1
0,ok,0.713,1.0,q12f,rdfs,FedUp-FedX,2
0,ok,0.268,1.0,q12f,rdfs,FedUp-FedX,3
0,ok,0.283,1.0,q12g,rdfs,FedUp-FedX,1
0,ok,0.445,1.0,q12g,rdfs,FedUp-FedX,2
0,ok,0.475,1.0,q12g,rdfs,FedUp-FedX,3
0,ok,0.596,1.0,q12h,rdfs,FedUp-FedX,1
0,ok,0.237,1.0,q12h,rdfs,FedUp-FedX,2
0,ok,0.681,1.0,q12h,rdfs,FedUp-FedX,3
0,ok,0.357,1.0,q12i,rdfs,FedUp-FedX,1
0,ok,0.327,1.0,q12i,rdfs,FedUp-FedX,2
0,ok,0.376,1.0,q12i,rdfs,FedUp-FedX,3
0,ok,0.263,1.0,q12j,rdfs,FedUp-FedX,1
0,ok,0.281,1.0,q12j,rdfs,FedUp-FedX,2
0,ok,0.467,1.0,q12j,rdfs,FedUp-FedX,3
0,ok,0.657,1.0,q01a,rdfs,FedUp-Jena,1
0,ok,0.698,1.0,q01a,rdfs,FedUp-Jena,2
0,ok,0.75,1.0,q01a,rdfs,FedUp-Jena,3
0,ok,2.413,9.0,q01b,rdfs,FedUp-Jena,1
0,ok,2.002,9.0,q01b,rdfs,FedUp-Jena,2
0,ok,1.678,9.0,q01b,rdfs,FedUp-Jena,3
0,ok,2.068,1.0,q01c,rdfs,FedUp-Jena,1
0,ok,1.46,1.0,q01c,rdfs,FedUp-Jena,2
0,ok,1.583,1.0,q01c,rdfs,FedUp-Jena,3
0,ok,1.185,8.0,q01d,rdfs,FedUp-Jena,1
0,ok,1.02,8.0,q01d,rdfs,FedUp-Jena,2
0,ok,1.182,8.0,q01d,rdfs,FedUp-Jena,3
0,ok,1.528,5.0,q01e,rdfs,FedUp-Jena,1
0,ok,1.476,5.0,q01e,rdfs,FedUp-Jena,2
0,ok,1.725,5.0,q01e,rdfs,FedUp-Jena,3
0,ok,1.136,3.0,q01f,rdfs,FedUp-Jena,1
0,ok,0.672,3.0,q01f,rdfs,FedUp-Jena,2
0,ok,0.708,3.0,q01f,rdfs,FedUp-Jena,3
0,ok,0.861,6.0,q01g,rdfs,FedUp-Jena,1
0,ok,0.945,6.0,q01g,rdfs,FedUp-Jena,2
0,ok,0.57,6.0,q01g,rdfs,FedUp-Jena,3
0,ok,1.777,5.0,q01h,rdfs,FedUp-Jena,1
0,ok,1.375,5.0,q01h,rdfs,FedUp-Jena,2
0,ok,1.212,5.0,q01h,rdfs,FedUp-Jena,3
0,ok,1.884,1.0,q01i,rdfs,FedUp-Jena,1
0,ok,1.518,1.0,q01i,rdfs,FedUp-Jena,2
0,ok,1.705,1.0,q01i,rdfs,FedUp-Jena,3
0,ok,1.302,7.0,q01j,rdfs,FedUp-Jena,1
0,ok,1.006,7.0,q01j,rdfs,FedUp-Jena,2
0,ok,0.927,7.0,q01j,rdfs,FedUp-Jena,3
0,ok,22.292,54.0,q02a,rdfs,FedUp-Jena,1
0,ok,13.281,54.0,q02a,rdfs,FedUp-Jena,2
0,ok,21.17,54.0,q02a,rdfs,FedUp-Jena,3
0,ok,15.572,54.0,q02b,rdfs,FedUp-Jena,1
0,ok,13.604,54.0,q02b,rdfs,FedUp-Jena,2
0,ok,17.497,54.0,q02b,rdfs,FedUp-Jena,3
0,ok,24.627,72.0,q02c,rdfs,FedUp-Jena,1
0,ok,35.777,72.0,q02c,rdfs,FedUp-Jena,2
0,ok,30.42,72.0,q02c,rdfs,FedUp-Jena,3
0,ok,0.046,9.0,q02d,rdfs,FedUp-Jena,1
0,ok,2.133,9.0,q02d,rdfs,FedUp-Jena,2
0,ok,0.077,9.0,q02d,rdfs,FedUp-Jena,3
0,ok,51.107,99.0,q02e,rdfs,FedUp-Jena,1
0,ok,33.062,99.0,q02e,rdfs,FedUp-Jena,2
0,ok,,,q02e,rdfs,FedUp-Jena,3
0,ok,3.744,27.0,q02f,rdfs,FedUp-Jena,1
0,ok,7.081,27.0,q02f,rdfs,FedUp-Jena,2
0,ok,7.433,27.0,q02f,rdfs,FedUp-Jena,3
0,ok,5.74,36.0,q02g,rdfs,FedUp-Jena,1
0,ok,4.296,36.0,q02g,rdfs,FedUp-Jena,2
0,ok,11.581,36.0,q02g,rdfs,FedUp-Jena,3
0,ok,16.186,45.0,q02h,rdfs,FedUp-Jena,1
0,ok,13.111,45.0,q02h,rdfs,FedUp-Jena,2
0,ok,12.613,45.0,q02h,rdfs,FedUp-Jena,3
0,ok,31.322,90.0,q02i,rdfs,FedUp-Jena,1
0,ok,42.711,90.0,q02i,rdfs,FedUp-Jena,2
0,ok,41.049,90.0,q02i,rdfs,FedUp-Jena,3
0,ok,4.766,18.0,q02j,rdfs,FedUp-Jena,1
0,ok,4.803,18.0,q02j,rdfs,FedUp-Jena,2
0,ok,3.749,18.0,q02j,rdfs,FedUp-Jena,3
0,ok,7.588,4.0,q03a,rdfs,FedUp-Jena,1
0,ok,8.121,4.0,q03a,rdfs,FedUp-Jena,2
0,ok,6.423,4.0,q03a,rdfs,FedUp-Jena,3
0,ok,4.574,10.0,q03b,rdfs,FedUp-Jena,1
0,ok,4.185,10.0,q03b,rdfs,FedUp-Jena,2
0,ok,4.312,10.0,q03b,rdfs,FedUp-Jena,3
0,ok,4.466,6.0,q03c,rdfs,FedUp-Jena,1
0,ok,3.45,6.0,q03c,rdfs,FedUp-Jena,2
0,ok,3.528,6.0,q03c,rdfs,FedUp-Jena,3
0,ok,6.639,8.0,q03d,rdfs,FedUp-Jena,1
0,ok,5.641,8.0,q03d,rdfs,FedUp-Jena,2
0,ok,5.528,8.0,q03d,rdfs,FedUp-Jena,3
0,ok,6.878,6.0,q03e,rdfs,FedUp-Jena,1
0,ok,3.942,6.0,q03e,rdfs,FedUp-Jena,2
0,ok,3.979,6.0,q03e,rdfs,FedUp-Jena,3
0,ok,4.527,5.0,q03f,rdfs,FedUp-Jena,1
0,ok,3.859,5.0,q03f,rdfs,FedUp-Jena,2
0,ok,3.729,5.0,q03f,rdfs,FedUp-Jena,3
0,ok,5.217,4.0,q03g,rdfs,FedUp-Jena,1
0,ok,4.384,4.0,q03g,rdfs,FedUp-Jena,2
0,ok,4.525,4.0,q03g,rdfs,FedUp-Jena,3
0,ok,4.494,10.0,q03h,rdfs,FedUp-Jena,1
0,ok,4.252,10.0,q03h,rdfs,FedUp-Jena,2
0,ok,3.954,10.0,q03h,rdfs,FedUp-Jena,3
0,ok,5.602,6.0,q03i,rdfs,FedUp-Jena,1
0,ok,4.562,6.0,q03i,rdfs,FedUp-Jena,2
0,ok,4.706,6.0,q03i,rdfs,FedUp-Jena,3
0,ok,3.953,10.0,q03j,rdfs,FedUp-Jena,1
0,ok,2.779,10.0,q03j,rdfs,FedUp-Jena,2
0,ok,2.574,10.0,q03j,rdfs,FedUp-Jena,3
0,ok,3.301,7.0,q04a,rdfs,FedUp-Jena,1
0,ok,2.074,7.0,q04a,rdfs,FedUp-Jena,2
0,ok,1.852,7.0,q04a,rdfs,FedUp-Jena,3
0,ok,3.19,6.0,q04b,rdfs,FedUp-Jena,1
0,ok,3.487,6.0,q04b,rdfs,FedUp-Jena,2
0,ok,2.873,6.0,q04b,rdfs,FedUp-Jena,3
0,ok,2.016,10.0,q04c,rdfs,FedUp-Jena,1
0,ok,1.003,10.0,q04c,rdfs,FedUp-Jena,2
0,ok,0.661,10.0,q04c,rdfs,FedUp-Jena,3
0,ok,3.075,1.0,q04d,rdfs,FedUp-Jena,1
0,ok,3.413,1.0,q04d,rdfs,FedUp-Jena,2
0,ok,3.233,1.0,q04d,rdfs,FedUp-Jena,3
0,ok,3.684,6.0,q04e,rdfs,FedUp-Jena,1
0,ok,3.921,6.0,q04e,rdfs,FedUp-Jena,2
0,ok,3.748,6.0,q04e,rdfs,FedUp-Jena,3
0,ok,3.278,10.0,q04f,rdfs,FedUp-Jena,1
0,ok,3.269,10.0,q04f,rdfs,FedUp-Jena,2
0,ok,3.701,10.0,q04f,rdfs,FedUp-Jena,3
0,ok,1.768,8.0,q04g,rdfs,FedUp-Jena,1
0,ok,1.829,8.0,q04g,rdfs,FedUp-Jena,2
0,ok,2.0,8.0,q04g,rdfs,FedUp-Jena,3
0,ok,2.786,9.0,q04h,rdfs,FedUp-Jena,1
0,ok,3.886,9.0,q04h,rdfs,FedUp-Jena,2
0,ok,3.139,9.0,q04h,rdfs,FedUp-Jena,3
0,ok,1.703,8.0,q04i,rdfs,FedUp-Jena,1
0,ok,2.576,8.0,q04i,rdfs,FedUp-Jena,2
0,ok,4.267,8.0,q04i,rdfs,FedUp-Jena,3
0,ok,2.169,4.0,q04j,rdfs,FedUp-Jena,1
0,ok,1.864,4.0,q04j,rdfs,FedUp-Jena,2
0,ok,3.716,4.0,q04j,rdfs,FedUp-Jena,3
0,ok,13.836,39.0,q06a,rdfs,FedUp-Jena,1
0,ok,12.804,39.0,q06a,rdfs,FedUp-Jena,2
0,ok,12.638,39.0,q06a,rdfs,FedUp-Jena,3
0,ok,13.073,15.0,q06b,rdfs,FedUp-Jena,1
0,ok,12.774,15.0,q06b,rdfs,FedUp-Jena,2
0,ok,12.392,15.0,q06b,rdfs,FedUp-Jena,3
0,ok,15.609,13.0,q06c,rdfs,FedUp-Jena,1
0,ok,12.81,13.0,q06c,rdfs,FedUp-Jena,2
0,ok,12.35,13.0,q06c,rdfs,FedUp-Jena,3
0,ok,13.768,39.0,q06d,rdfs,FedUp-Jena,1
0,ok,13.194,39.0,q06d,rdfs,FedUp-Jena,2
0,ok,13.316,39.0,q06d,rdfs,FedUp-Jena,3
0,ok,13.645,41.0,q06e,rdfs,FedUp-Jena,1
0,ok,11.98,41.0,q06e,rdfs,FedUp-Jena,2
0,ok,12.682,41.0,q06e,rdfs,FedUp-Jena,3
0,ok,13.189,7.0,q06f,rdfs,FedUp-Jena,1
0,ok,12.43,7.0,q06f,rdfs,FedUp-Jena,2
0,ok,12.619,7.0,q06f,rdfs,FedUp-Jena,3
0,ok,14.044,41.0,q06g,rdfs,FedUp-Jena,1
0,ok,12.354,41.0,q06g,rdfs,FedUp-Jena,2
0,ok,12.168,41.0,q06g,rdfs,FedUp-Jena,3
0,ok,13.249,15.0,q06h,rdfs,FedUp-Jena,1
0,ok,12.39,15.0,q06h,rdfs,FedUp-Jena,2
0,ok,12.059,15.0,q06h,rdfs,FedUp-Jena,3
0,ok,13.63,15.0,q06i,rdfs,FedUp-Jena,1
0,ok,12.018,15.0,q06i,rdfs,FedUp-Jena,2
0,ok,12.467,15.0,q06i,rdfs,FedUp-Jena,3
0,ok,12.914,9.0,q06j,rdfs,FedUp-Jena,1
0,ok,12.359,9.0,q06j,rdfs,FedUp-Jena,2
0,ok,12.386,9.0,q06j,rdfs,FedUp-Jena,3
0,ok,87.589,72.0,q07a,rdfs,FedUp-Jena,1
0,ok,87.33,72.0,q07a,rdfs,FedUp-Jena,2
0,ok,87.616,72.0,q07a,rdfs,FedUp-Jena,3
0,ok,21.315,25.0,q07b,rdfs,FedUp-Jena,1
0,ok,19.774,25.0,q07b,rdfs,FedUp-Jena,2
0,ok,19.726,25.0,q07b,rdfs,FedUp-Jena,3
0,ok,52.168,54.0,q07c,rdfs,FedUp-Jena,1
0,ok,54.417,54.0,q07c,rdfs,FedUp-Jena,2
0,ok,53.766,54.0,q07c,rdfs,FedUp-Jena,3
0,ok,63.786,66.0,q07d,rdfs,FedUp-Jena,1
0,ok,59.676,66.0,q07d,rdfs,FedUp-Jena,2
0,ok,55.552,1862.0,q07d,rdfs,FedUp-Jena,3
0,ok,4.868,9.0,q07e,rdfs,FedUp-Jena,1
0,ok,4.677,9.0,q07e,rdfs,FedUp-Jena,2
0,ok,4.081,9.0,q07e,rdfs,FedUp-Jena,3
0,ok,34.454,42.0,q07f,rdfs,FedUp-Jena,1
0,ok,34.938,42.0,q07f,rdfs,FedUp-Jena,2
0,ok,35.947,42.0,q07f,rdfs,FedUp-Jena,3
0,ok,76.861,63.0,q07g,rdfs,FedUp-Jena,1
0,ok,77.404,63.0,q07g,rdfs,FedUp-Jena,2
0,ok,76.21,63.0,q07g,rdfs,FedUp-Jena,3
0,ok,24.349,36.0,q07h,rdfs,FedUp-Jena,1
0,ok,24.497,36.0,q07h,rdfs,FedUp-Jena,2
0,ok,23.286,36.0,q07h,rdfs,FedUp-Jena,3
0,ok,36.653,56.0,q07i,rdfs,FedUp-Jena,1
0,ok,37.923,56.0,q07i,rdfs,FedUp-Jena,2
0,ok,37.939,56.0,q07i,rdfs,FedUp-Jena,3
0,ok,106.163,110.0,q07j,rdfs,FedUp-Jena,1
0,ok,104.852,110.0,q07j,rdfs,FedUp-Jena,2
0,ok,114.109,110.0,q07j,rdfs,FedUp-Jena,3
0,ok,11.172,1.0,q08a,rdfs,FedUp-Jena,1
0,ok,11.246,1.0,q08a,rdfs,FedUp-Jena,2
0,ok,12.403,1.0,q08a,rdfs,FedUp-Jena,3
0,ok,0.05,1.0,q08b,rdfs,FedUp-Jena,1
0,ok,0.081,1.0,q08b,rdfs,FedUp-Jena,2
0,ok,0.055,1.0,q08b,rdfs,FedUp-Jena,3
0,ok,2.654,1.0,q08c,rdfs,FedUp-Jena,1
0,ok,2.943,1.0,q08c,rdfs,FedUp-Jena,2
0,ok,3.265,1.0,q08c,rdfs,FedUp-Jena,3
0,ok,3.632,2.0,q08d,rdfs,FedUp-Jena,1
0,ok,3.356,2.0,q08d,rdfs,FedUp-Jena,2
0,ok,4.465,2.0,q08d,rdfs,FedUp-Jena,3
0,ok,0.074,1.0,q08e,rdfs,FedUp-Jena,1
0,ok,0.081,1.0,q08e,rdfs,FedUp-Jena,2
0,ok,0.066,1.0,q08e,rdfs,FedUp-Jena,3
0,ok,25.183,4.0,q08f,rdfs,FedUp-Jena,1
0,ok,25.325,4.0,q08f,rdfs,FedUp-Jena,2
0,ok,25.502,4.0,q08f,rdfs,FedUp-Jena,3
0,ok,14.723,4.0,q08g,rdfs,FedUp-Jena,1
0,ok,14.688,4.0,q08g,rdfs,FedUp-Jena,2
0,ok,15.25,4.0,q08g,rdfs,FedUp-Jena,3
0,ok,3.912,3.0,q08h,rdfs,FedUp-Jena,1
0,ok,4.137,3.0,q08h,rdfs,FedUp-Jena,2
0,ok,4.271,3.0,q08h,rdfs,FedUp-Jena,3
0,ok,7.412,2.0,q08i,rdfs,FedUp-Jena,1
0,ok,6.97,2.0,q08i,rdfs,FedUp-Jena,2
0,ok,6.195,2.0,q08i,rdfs,FedUp-Jena,3
0,ok,5.256,1.0,q08j,rdfs,FedUp-Jena,1
0,ok,6.747,1.0,q08j,rdfs,FedUp-Jena,2
0,ok,5.421,1.0,q08j,rdfs,FedUp-Jena,3
0,ok,0.025,1.0,q09a,rdfs,FedUp-Jena,1
0,ok,0.016,1.0,q09a,rdfs,FedUp-Jena,2
0,ok,0.018,1.0,q09a,rdfs,FedUp-Jena,3
0,ok,0.038,1.0,q09b,rdfs,FedUp-Jena,1
0,ok,0.02,1.0,q09b,rdfs,FedUp-Jena,2
0,ok,0.058,1.0,q09b,rdfs,FedUp-Jena,3
0,ok,0.027,1.0,q09c,rdfs,FedUp-Jena,1
0,ok,0.04,1.0,q09c,rdfs,FedUp-Jena,2
0,ok,0.034,1.0,q09c,rdfs,FedUp-Jena,3
0,ok,0.044,1.0,q09d,rdfs,FedUp-Jena,1
0,ok,0.065,1.0,q09d,rdfs,FedUp-Jena,2
0,ok,0.02,1.0,q09d,rdfs,FedUp-Jena,3
0,ok,0.026,1.0,q09e,rdfs,FedUp-Jena,1
0,ok,0.017,1.0,q09e,rdfs,FedUp-Jena,2
0,ok,0.042,1.0,q09e,rdfs,FedUp-Jena,3
0,ok,0.027,1.0,q09f,rdfs,FedUp-Jena,1
0,ok,0.034,1.0,q09f,rdfs,FedUp-Jena,2
0,ok,0.024,1.0,q09f,rdfs,FedUp-Jena,3
0,ok,0.07,1.0,q09g,rdfs,FedUp-Jena,1
0,ok,0.023,1.0,q09g,rdfs,FedUp-Jena,2
0,ok,0.019,1.0,q09g,rdfs,FedUp-Jena,3
0,ok,0.022,1.0,q09h,rdfs,FedUp-Jena,1
0,ok,0.02,1.0,q09h,rdfs,FedUp-Jena,2
0,ok,0.024,1.0,q09h,rdfs,FedUp-Jena,3
0,ok,0.023,1.0,q09i,rdfs,FedUp-Jena,1
0,ok,0.034,1.0,q09i,rdfs,FedUp-Jena,2
0,ok,0.023,1.0,q09i,rdfs,FedUp-Jena,3
0,ok,0.027,1.0,q09j,rdfs,FedUp-Jena,1
0,ok,0.027,1.0,q09j,rdfs,FedUp-Jena,2
0,ok,0.041,1.0,q09j,rdfs,FedUp-Jena,3
0,ok,0.028,1.0,q10a,rdfs,FedUp-Jena,1
0,ok,0.026,1.0,q10a,rdfs,FedUp-Jena,2
0,ok,0.05,1.0,q10a,rdfs,FedUp-Jena,3
0,ok,0.058,1.0,q10b,rdfs,FedUp-Jena,1
0,ok,0.08,1.0,q10b,rdfs,FedUp-Jena,2
0,ok,0.079,1.0,q10b,rdfs,FedUp-Jena,3
0,ok,0.034,1.0,q10c,rdfs,FedUp-Jena,1
0,ok,0.025,1.0,q10c,rdfs,FedUp-Jena,2
0,ok,0.039,1.0,q10c,rdfs,FedUp-Jena,3
0,ok,0.328,1.0,q10d,rdfs,FedUp-Jena,1
0,ok,0.039,1.0,q10d,rdfs,FedUp-Jena,2
0,ok,0.043,1.0,q10d,rdfs,FedUp-Jena,3
0,ok,0.067,2.0,q10e,rdfs,FedUp-Jena,1
0,ok,0.053,2.0,q10e,rdfs,FedUp-Jena,2
0,ok,0.078,2.0,q10e,rdfs,FedUp-Jena,3
0,ok,0.122,1.0,q10f,rdfs,FedUp-Jena,1
0,ok,0.082,1.0,q10f,rdfs,FedUp-Jena,2
0,ok,0.051,1.0,q10f,rdfs,FedUp-Jena,3
0,ok,0.038,1.0,q10g,rdfs,FedUp-Jena,1
0,ok,0.031,1.0,q10g,rdfs,FedUp-Jena,2
0,ok,0.089,1.0,q10g,rdfs,FedUp-Jena,3
0,ok,0.054,1.0,q10h,rdfs,FedUp-Jena,1
0,ok,0.034,1.0,q10h,rdfs,FedUp-Jena,2
0,ok,0.037,1.0,q10h,rdfs,FedUp-Jena,3
0,ok,0.031,1.0,q10i,rdfs,FedUp-Jena,1
0,ok,0.08,1.0,q10i,rdfs,FedUp-Jena,2
0,ok,0.034,1.0,q10i,rdfs,FedUp-Jena,3
0,ok,0.054,1.0,q10j,rdfs,FedUp-Jena,1
0,ok,0.045,1.0,q10j,rdfs,FedUp-Jena,2
0,ok,0.09,1.0,q10j,rdfs,FedUp-Jena,3
0,ok,0.032,9.0,q11a,rdfs,FedUp-Jena,1
0,ok,0.023,9.0,q11a,rdfs,FedUp-Jena,2
0,ok,0.036,9.0,q11a,rdfs,FedUp-Jena,3
0,ok,0.045,9.0,q11b,rdfs,FedUp-Jena,1
0,ok,0.05,9.0,q11b,rdfs,FedUp-Jena,2
0,ok,0.038,9.0,q11b,rdfs,FedUp-Jena,3
0,ok,0.04,9.0,q11c,rdfs,FedUp-Jena,1
0,ok,0.054,9.0,q11c,rdfs,FedUp-Jena,2
0,ok,0.026,9.0,q11c,rdfs,FedUp-Jena,3
0,ok,0.028,9.0,q11d,rdfs,FedUp-Jena,1
0,ok,0.027,9.0,q11d,rdfs,FedUp-Jena,2
0,ok,0.025,9.0,q11d,rdfs,FedUp-Jena,3
0,ok,0.026,9.0,q11e,rdfs,FedUp-Jena,1
0,ok,0.048,9.0,q11e,rdfs,FedUp-Jena,2
0,ok,0.025,9.0,q11e,rdfs,FedUp-Jena,3
0,ok,0.042,9.0,q11f,rdfs,FedUp-Jena,1
0,ok,0.081,9.0,q11f,rdfs,FedUp-Jena,2
0,ok,0.087,9.0,q11f,rdfs,FedUp-Jena,3
0,ok,0.038,9.0,q11g,rdfs,FedUp-Jena,1
0,ok,0.052,9.0,q11g,rdfs,FedUp-Jena,2
0,ok,0.028,9.0,q11g,rdfs,FedUp-Jena,3
0,ok,0.097,9.0,q11h,rdfs,FedUp-Jena,1
0,ok,0.027,9.0,q11h,rdfs,FedUp-Jena,2
0,ok,0.027,9.0,q11h,rdfs,FedUp-Jena,3
0,ok,0.058,9.0,q11i,rdfs,FedUp-Jena,1
0,ok,0.026,9.0,q11i,rdfs,FedUp-Jena,2
0,ok,0.037,9.0,q11i,rdfs,FedUp-Jena,3
0,ok,0.031,9.0,q11j,rdfs,FedUp-Jena,1
0,ok,0.036,9.0,q11j,rdfs,FedUp-Jena,2
0,ok,0.028,9.0,q11j,rdfs,FedUp-Jena,3
0,ok,0.038,1.0,q12a,rdfs,FedUp-Jena,1
0,ok,0.06,1.0,q12a,rdfs,FedUp-Jena,2
0,ok,0.022,1.0,q12a,rdfs,FedUp-Jena,3
0,ok,0.067,1.0,q12b,rdfs,FedUp-Jena,1
0,ok,0.041,1.0,q12b,rdfs,FedUp-Jena,2
0,ok,0.074,1.0,q12b,rdfs,FedUp-Jena,3
0,ok,0.046,1.0,q12c,rdfs,FedUp-Jena,1
0,ok,0.092,1.0,q12c,rdfs,FedUp-Jena,2
0,ok,0.068,1.0,q12c,rdfs,FedUp-Jena,3
0,ok,0.045,1.0,q12d,rdfs,FedUp-Jena,1
0,ok,0.039,1.0,q12d,rdfs,FedUp-Jena,2
0,ok,0.037,1.0,q12d,rdfs,FedUp-Jena,3
0,ok,0.023,1.0,q12e,rdfs,FedUp-Jena,1
0,ok,0.064,1.0,q12e,rdfs,FedUp-Jena,2
0,ok,0.027,1.0,q12e,rdfs,FedUp-Jena,3
0,ok,0.052,1.0,q12f,rdfs,FedUp-Jena,1
0,ok,0.026,1.0,q12f,rdfs,FedUp-Jena,2
0,ok,0.05,1.0,q12f,rdfs,FedUp-Jena,3
0,ok,0.029,1.0,q12g,rdfs,FedUp-Jena,1
0,ok,0.062,1.0,q12g,rdfs,FedUp-Jena,2
0,ok,0.057,1.0,q12g,rdfs,FedUp-Jena,3
0,ok,0.181,1.0,q12h,rdfs,FedUp-Jena,1
0,ok,0.045,1.0,q12h,rdfs,FedUp-Jena,2
0,ok,0.027,1.0,q12h,rdfs,FedUp-Jena,3
0,ok,0.031,1.0,q12i,rdfs,FedUp-Jena,1
0,ok,0.043,1.0,q12i,rdfs,FedUp-Jena,2
0,ok,0.042,1.0,q12i,rdfs,FedUp-Jena,3
0,ok,0.028,1.0,q12j,rdfs,FedUp-Jena,1
0,ok,0.053,1.0,q12j,rdfs,FedUp-Jena,2
0,ok,0.028,1.0,q12j,rdfs,FedUp-Jena,3
